dataset,n,mean_reg_success,mean_emotion_reactivity
AHAB,182,0.704702501405798,2.34045008715338
PIP,176,0.507218428667292,2.3792047914207
